{
   "dashboards": [{
      "adapterName": "VMware vSphere",
      "autoswitchEnabled": false,
      "columnCount": 1,
      "columnProportion": "1",
      "creationTime": 1676757697057,
      "dashboardNavigations": {},
      "description": "Highlight VM configuration that needs your attention. Use this dashboard to fix incorrect settings, update outdated components and reduce overall cost by optimizing your environment. The dashboard is organised top down, where configuration that needs your attention is shown first. No data on a chart means the configuration is optimized.\nCustomization idea: \nTemplates. List all the templates. So you know who they are. Ideally, include last modified date.\nOrphaned VM. They are not connected to vCenter, hence not visible.\nVM with RDM. Future",
      "disabled": false,
      "docCenterKey": "vcom_524",
      "gridsterMaxColumns": 12,
      "hidden": true,
      "homeTab": false,
      "id": "7503f8a3-407f-45a2-b116-e636d25cb357",
      "importAttempts": 0,
      "importComplete": true,
      "lastUpdateTime": 1676766477090,
      "lastUpdateUserId": "908e13d0-5fcb-42e2-acf3-f9d7b32f1c3c",
      "locked": false,
      "name": "VM Configuration with Secure Boot",
      "namePath": "Configuration/Overview",
      "rank": 0,
      "shared": false,
      "states": [],
      "temporary": false,
      "userId": "908e13d0-5fcb-42e2-acf3-f9d7b32f1c3c",
      "widgetInteractions": [
         {
            "type": "resourceId",
            "widgetIdProvider": "b73f3dcd-da3e-4808-ab2c-92cb12afb9c1",
            "widgetIdReceiver": "9f8ba2f1-92d3-4672-a010-65152725d7b5"
         },
         {
            "type": "resourceId",
            "widgetIdProvider": "b73f3dcd-da3e-4808-ab2c-92cb12afb9c1",
            "widgetIdReceiver": "b1238837-fb45-40cf-b06d-aec0279ed4a2"
         },
         {
            "type": "resourceId",
            "widgetIdProvider": "b73f3dcd-da3e-4808-ab2c-92cb12afb9c1",
            "widgetIdReceiver": "d14769ac-a90e-4b31-b8c3-0da1779fd428"
         },
         {
            "type": "resourceId",
            "widgetIdProvider": "b73f3dcd-da3e-4808-ab2c-92cb12afb9c1",
            "widgetIdReceiver": "09553b0d-7459-4993-a57a-8ffd0ca1d634"
         },
         {
            "type": "resourceId",
            "widgetIdProvider": "b73f3dcd-da3e-4808-ab2c-92cb12afb9c1",
            "widgetIdReceiver": "30eee02f-f267-46c1-b87e-d6e85bc04886"
         },
         {
            "type": "resourceId",
            "widgetIdProvider": "b73f3dcd-da3e-4808-ab2c-92cb12afb9c1",
            "widgetIdReceiver": "8926088d-ce3f-4721-b555-4c8f91d74fbd"
         },
         {
            "type": "resourceId",
            "widgetIdProvider": "b73f3dcd-da3e-4808-ab2c-92cb12afb9c1",
            "widgetIdReceiver": "4bc562e1-322b-4ed4-bfda-74e7e94a690e"
         },
         {
            "type": "resourceId",
            "widgetIdProvider": "b73f3dcd-da3e-4808-ab2c-92cb12afb9c1",
            "widgetIdReceiver": "1c696667-579f-49f0-b2b2-ceabdf58e9e9"
         },
         {
            "type": "resourceId",
            "widgetIdProvider": "b73f3dcd-da3e-4808-ab2c-92cb12afb9c1",
            "widgetIdReceiver": "c3cd047b-debb-4573-9836-6bf3fd9b7d24"
         },
         {
            "type": "resourceId",
            "widgetIdProvider": "b73f3dcd-da3e-4808-ab2c-92cb12afb9c1",
            "widgetIdReceiver": "36cf9ad7-c11c-484e-8a1f-f0be387203c1"
         },
         {
            "type": "resourceId",
            "widgetIdProvider": "b73f3dcd-da3e-4808-ab2c-92cb12afb9c1",
            "widgetIdReceiver": "31fbbd42-a1c6-45a9-b21d-1b5194dd4028"
         },
         {
            "type": "resourceId",
            "widgetIdProvider": "b73f3dcd-da3e-4808-ab2c-92cb12afb9c1",
            "widgetIdReceiver": "5c117765-1bf1-41cc-8082-f300dde8d467"
         },
         {
            "type": "resourceId",
            "widgetIdProvider": "b73f3dcd-da3e-4808-ab2c-92cb12afb9c1",
            "widgetIdReceiver": "f104f07a-be27-425a-a83b-aeebd9fe8940"
         },
         {
            "type": "resourceId",
            "widgetIdProvider": "b73f3dcd-da3e-4808-ab2c-92cb12afb9c1",
            "widgetIdReceiver": "23c2faf5-a3c9-4a4a-ac36-defcffba321a"
         },
         {
            "type": "resourceId",
            "widgetIdProvider": "b73f3dcd-da3e-4808-ab2c-92cb12afb9c1",
            "widgetIdReceiver": "856c6782-6068-4b5b-998e-fcba5f6645f8"
         },
         {
            "type": "resourceId",
            "widgetIdProvider": "b73f3dcd-da3e-4808-ab2c-92cb12afb9c1",
            "widgetIdReceiver": "9a888c95-6668-4f16-a76d-ae63801940d3"
         },
         {
            "type": "resourceId",
            "widgetIdProvider": "b73f3dcd-da3e-4808-ab2c-92cb12afb9c1",
            "widgetIdReceiver": "c624176e-659d-45de-9eb7-8a74c0a6bfcb"
         },
         {
            "type": "resourceId",
            "widgetIdProvider": "b73f3dcd-da3e-4808-ab2c-92cb12afb9c1",
            "widgetIdReceiver": "756ada15-9bc2-49c9-a4da-576f55b79bbc"
         },
         {
            "type": "resourceId",
            "widgetIdProvider": "b73f3dcd-da3e-4808-ab2c-92cb12afb9c1",
            "widgetIdReceiver": "e51a9658-1e02-4765-994b-746e147c65fc"
         },
         {
            "type": "resourceId",
            "widgetIdProvider": "b73f3dcd-da3e-4808-ab2c-92cb12afb9c1",
            "widgetIdReceiver": "fffe04e5-80c5-4461-b470-46155f425593"
         },
         {
            "type": "resourceId",
            "widgetIdProvider": "b73f3dcd-da3e-4808-ab2c-92cb12afb9c1",
            "widgetIdReceiver": "7f153c3b-e871-41ac-8974-efe2bf20f91c"
         }
      ],
      "widgets": [
         {
            "collapsed": false,
            "config": {
               "chartViewItems": [],
               "isUpdatedView": true,
               "refreshContent": {"refreshContent": false},
               "refreshInterval": 300,
               "resource": null,
               "selectFirstRow": {"selectFirstRow": false},
               "selfProvider": {"selfProvider": false},
               "title": "Memory Hot Add",
               "traversalSpecId": "",
               "viewDefinitionId": "2805f0a4-e58b-432b-861d-cffe1604fbfc"
            },
            "gridsterCoords": {
               "h": 4,
               "w": 4,
               "x": 5,
               "y": 29
            },
            "height": 210,
            "id": "fffe04e5-80c5-4461-b470-46155f425593",
            "states": [{
               "key": "perm_isDashboardTime_widget_7503f8a3-407f-45a2-b116-e636d25cb357_fffe04e5-80c5-4461-b470-46155f425593",
               "value": "b%3A0"
            }],
            "title": "Memory Hot Add",
            "type": "View",
            "x": 1,
            "y": 1
         },
         {
            "collapsed": false,
            "config": {
               "chartViewItems": ["labels"],
               "isUpdatedView": true,
               "refreshContent": {"refreshContent": false},
               "refreshInterval": 300,
               "resource": null,
               "selectFirstRow": {"selectFirstRow": false},
               "selfProvider": {"selfProvider": false},
               "title": "VM Memory distribution",
               "traversalSpecId": "",
               "viewDefinitionId": "a3849f91-76c6-4791-81d7-65245e321233"
            },
            "gridsterCoords": {
               "h": 4,
               "w": 4,
               "x": 5,
               "y": 20
            },
            "height": 210,
            "id": "36cf9ad7-c11c-484e-8a1f-f0be387203c1",
            "states": [{
               "key": "perm_isDashboardTime_widget_7503f8a3-407f-45a2-b116-e636d25cb357_36cf9ad7-c11c-484e-8a1f-f0be387203c1",
               "value": "b%3A0"
            }],
            "title": "VM Memory distribution",
            "type": "View",
            "x": 2,
            "y": 1
         },
         {
            "collapsed": false,
            "config": {
               "chartViewItems": ["labels"],
               "isUpdatedView": true,
               "refreshContent": {"refreshContent": false},
               "refreshInterval": 300,
               "resource": null,
               "selectFirstRow": {"selectFirstRow": false},
               "selfProvider": {"selfProvider": false},
               "title": "VM Disk distribution",
               "traversalSpecId": "",
               "viewDefinitionId": "c655b25c-42be-4512-9c9b-8b4d6beefd71"
            },
            "gridsterCoords": {
               "h": 4,
               "w": 4,
               "x": 9,
               "y": 20
            },
            "height": 210,
            "id": "31fbbd42-a1c6-45a9-b21d-1b5194dd4028",
            "states": [{
               "key": "perm_isDashboardTime_widget_7503f8a3-407f-45a2-b116-e636d25cb357_31fbbd42-a1c6-45a9-b21d-1b5194dd4028",
               "value": "b%3A0"
            }],
            "title": "VM Disk distribution",
            "type": "View",
            "x": 3,
            "y": 1
         },
         {
            "collapsed": false,
            "config": {
               "chartViewItems": ["legend"],
               "isUpdatedView": true,
               "refreshContent": {"refreshContent": false},
               "refreshInterval": 300,
               "resource": null,
               "selectFirstRow": {"selectFirstRow": false},
               "selfProvider": {"selfProvider": false},
               "title": "Guest OS (VM Tools)",
               "traversalSpecId": "",
               "viewDefinitionId": "9d5498ba-848f-4d23-8b6e-765a566a0659"
            },
            "gridsterCoords": {
               "h": 4,
               "w": 4,
               "x": 5,
               "y": 33
            },
            "height": 210,
            "id": "8926088d-ce3f-4721-b555-4c8f91d74fbd",
            "states": [{
               "key": "perm_isDashboardTime_widget_7503f8a3-407f-45a2-b116-e636d25cb357_8926088d-ce3f-4721-b555-4c8f91d74fbd",
               "value": "b%3A0"
            }],
            "title": "Guest OS (VM Tools)",
            "type": "View"
         },
         {
            "collapsed": false,
            "config": {
               "chartViewItems": ["labels"],
               "isUpdatedView": true,
               "refreshContent": {"refreshContent": false},
               "refreshInterval": 300,
               "resource": null,
               "selectFirstRow": {"selectFirstRow": false},
               "selfProvider": {"selfProvider": false},
               "title": "VMware Tools versions",
               "traversalSpecId": "",
               "viewDefinitionId": "3aedc9d0-a813-459f-a720-23f94e9a5eb8"
            },
            "gridsterCoords": {
               "h": 4,
               "w": 8,
               "x": 5,
               "y": 13
            },
            "height": 210,
            "id": "d14769ac-a90e-4b31-b8c3-0da1779fd428",
            "states": [{
               "key": "perm_isDashboardTime_widget_7503f8a3-407f-45a2-b116-e636d25cb357_d14769ac-a90e-4b31-b8c3-0da1779fd428",
               "value": "b%3A0"
            }],
            "title": "VMware Tools versions",
            "type": "View"
         },
         {
            "collapsed": false,
            "config": {
               "chartViewItems": ["labels"],
               "isUpdatedView": true,
               "refreshContent": {"refreshContent": false},
               "refreshInterval": 300,
               "resource": null,
               "selectFirstRow": {"selectFirstRow": false},
               "selfProvider": {"selfProvider": false},
               "title": "VM Virtual Disks",
               "traversalSpecId": "",
               "viewDefinitionId": "e0e0972a-2da0-4544-a53f-9e55b09c74a3"
            },
            "gridsterCoords": {
               "h": 4,
               "w": 4,
               "x": 1,
               "y": 24
            },
            "height": 210,
            "id": "f104f07a-be27-425a-a83b-aeebd9fe8940",
            "states": [{
               "key": "perm_isDashboardTime_widget_7503f8a3-407f-45a2-b116-e636d25cb357_f104f07a-be27-425a-a83b-aeebd9fe8940",
               "value": "b%3A0"
            }],
            "title": "VM Virtual Disks",
            "type": "View",
            "x": 1,
            "y": 1
         },
         {
            "collapsed": false,
            "config": {
               "chartViewItems": ["legend"],
               "isUpdatedView": true,
               "refreshContent": {"refreshContent": false},
               "refreshInterval": 300,
               "resource": null,
               "selectFirstRow": {"selectFirstRow": false},
               "selfProvider": {"selfProvider": false},
               "title": "VMware Tools",
               "traversalSpecId": "",
               "viewDefinitionId": "81ef5dfc-b519-4981-8a8e-ee1dbb516aca"
            },
            "gridsterCoords": {
               "h": 4,
               "w": 4,
               "x": 1,
               "y": 13
            },
            "height": 210,
            "id": "4bc562e1-322b-4ed4-bfda-74e7e94a690e",
            "states": [{
               "key": "perm_isDashboardTime_widget_7503f8a3-407f-45a2-b116-e636d25cb357_4bc562e1-322b-4ed4-bfda-74e7e94a690e",
               "value": "b%3A0"
            }],
            "title": "VMware Tools",
            "type": "View",
            "x": 1,
            "y": 1
         },
         {
            "collapsed": false,
            "config": {
               "chartViewItems": ["legend"],
               "isUpdatedView": true,
               "refreshContent": {"refreshContent": false},
               "refreshInterval": 300,
               "resource": null,
               "selectFirstRow": {"selectFirstRow": false},
               "selfProvider": {"selfProvider": false},
               "title": "VM Hardware",
               "traversalSpecId": "",
               "viewDefinitionId": "7bb1bf81-8895-4008-b770-5c7fc106c22a"
            },
            "gridsterCoords": {
               "h": 4,
               "w": 4,
               "x": 1,
               "y": 33
            },
            "height": 210,
            "id": "30eee02f-f267-46c1-b87e-d6e85bc04886",
            "states": [{
               "key": "perm_isDashboardTime_widget_7503f8a3-407f-45a2-b116-e636d25cb357_30eee02f-f267-46c1-b87e-d6e85bc04886",
               "value": "b%3A0"
            }],
            "title": "VM Hardware",
            "type": "View",
            "x": 1,
            "y": 1
         },
         {
            "collapsed": false,
            "config": {
               "chartViewItems": [],
               "isUpdatedView": true,
               "refreshContent": {"refreshContent": false},
               "refreshInterval": 300,
               "resource": null,
               "selectFirstRow": {"selectFirstRow": false},
               "selfProvider": {"selfProvider": false},
               "title": "VM with CPU Limit",
               "traversalSpecId": "",
               "viewDefinitionId": "0f5cd0c6-a06c-4be0-9af1-16adc6eac7ac"
            },
            "gridsterCoords": {
               "h": 4,
               "w": 2,
               "x": 1,
               "y": 8
            },
            "height": 210,
            "id": "9f8ba2f1-92d3-4672-a010-65152725d7b5",
            "states": [{
               "key": "perm_isDashboardTime_widget_7503f8a3-407f-45a2-b116-e636d25cb357_9f8ba2f1-92d3-4672-a010-65152725d7b5",
               "value": "b%3A0"
            }],
            "title": "VM with CPU Limit",
            "type": "View",
            "x": 1,
            "y": 1
         },
         {
            "collapsed": false,
            "config": {
               "chartViewItems": [],
               "isUpdatedView": true,
               "refreshContent": {"refreshContent": false},
               "refreshInterval": 300,
               "resource": null,
               "selectFirstRow": {"selectFirstRow": false},
               "selfProvider": {"selfProvider": false},
               "title": "Memory Reservation",
               "traversalSpecId": "",
               "viewDefinitionId": "f752ddef-406d-4868-bd78-8b00aaa425cc"
            },
            "gridsterCoords": {
               "h": 4,
               "w": 2,
               "x": 11,
               "y": 8
            },
            "height": 210,
            "id": "c624176e-659d-45de-9eb7-8a74c0a6bfcb",
            "states": [{
               "key": "perm_isDashboardTime_widget_7503f8a3-407f-45a2-b116-e636d25cb357_c624176e-659d-45de-9eb7-8a74c0a6bfcb",
               "value": "b%3A0"
            }],
            "title": "Memory Reservation",
            "type": "View",
            "x": 1,
            "y": 1
         },
         {
            "collapsed": false,
            "config": {
               "chartViewItems": ["labels"],
               "isUpdatedView": true,
               "refreshContent": {"refreshContent": false},
               "refreshInterval": 300,
               "resource": null,
               "selectFirstRow": {"selectFirstRow": false},
               "selfProvider": {"selfProvider": false},
               "title": "VM Network Cards",
               "traversalSpecId": "",
               "viewDefinitionId": "40e416d0-0ee4-4aa2-9ad6-93d162f668a0"
            },
            "gridsterCoords": {
               "h": 4,
               "w": 4,
               "x": 5,
               "y": 24
            },
            "height": 210,
            "id": "23c2faf5-a3c9-4a4a-ac36-defcffba321a",
            "states": [{
               "key": "perm_isDashboardTime_widget_7503f8a3-407f-45a2-b116-e636d25cb357_23c2faf5-a3c9-4a4a-ac36-defcffba321a",
               "value": "b%3A0"
            }],
            "title": "VM Network Cards",
            "type": "View",
            "x": 1,
            "y": 1
         },
         {
            "collapsed": false,
            "config": {
               "chartViewItems": ["labels"],
               "isUpdatedView": true,
               "refreshContent": {"refreshContent": false},
               "refreshInterval": 300,
               "resource": null,
               "selectFirstRow": {"selectFirstRow": false},
               "selfProvider": {"selfProvider": false},
               "title": "VM CPU distribution",
               "traversalSpecId": "",
               "viewDefinitionId": "ccfc42fb-aaf3-439e-8111-3a0f1bf7713a"
            },
            "gridsterCoords": {
               "h": 4,
               "w": 4,
               "x": 1,
               "y": 20
            },
            "height": 210,
            "id": "1c696667-579f-49f0-b2b2-ceabdf58e9e9",
            "states": [
               {
                  "key": "perm_toolbarVisible_widget_7503f8a3-407f-45a2-b116-e636d25cb357_1c696667-579f-49f0-b2b2-ceabdf58e9e9",
                  "value": "b%3A0"
               },
               {
                  "key": "perm_isDashboardTime_widget_7503f8a3-407f-45a2-b116-e636d25cb357_1c696667-579f-49f0-b2b2-ceabdf58e9e9",
                  "value": "b%3A0"
               }
            ],
            "title": "VM CPU distribution",
            "type": "View",
            "x": 1,
            "y": 1
         },
         {
            "collapsed": true,
            "config": {
               "locationFile": "",
               "locationUrl": "",
               "refreshContent": {"refreshContent": false},
               "refreshInterval": 300,
               "title": "Tools",
               "viewModeHTML": true
            },
            "gridsterCoords": {
               "h": 1,
               "w": 12,
               "x": 1,
               "y": 12
            },
            "height": 153,
            "id": "136972cb-cf71-4a44-81d8-febfe0c492bc",
            "title": "Tools",
            "type": "TextDisplay"
         },
         {
            "collapsed": true,
            "config": {
               "editorData": "<br>",
               "locationFile": "",
               "locationUrl": "",
               "refreshContent": {"refreshContent": false},
               "refreshInterval": 300,
               "title": "Limit, Reservation and Share",
               "titleLocalized": "Limit, Reservation and Share",
               "viewModeHTML": true
            },
            "gridsterCoords": {
               "h": 1,
               "w": 12,
               "x": 1,
               "y": 7
            },
            "height": 267,
            "id": "e4fed6b8-9b79-4f65-b789-c380de747c5f",
            "title": "Limit, Reservation and Share",
            "type": "TextDisplay"
         },
         {
            "collapsed": true,
            "config": {
               "editorData": "<br>",
               "locationFile": "",
               "locationUrl": "",
               "refreshContent": {"refreshContent": false},
               "refreshInterval": 300,
               "title": "Other Configuration",
               "titleLocalized": "Other Configuration",
               "viewModeHTML": true
            },
            "gridsterCoords": {
               "h": 1,
               "w": 12,
               "x": 1,
               "y": 28
            },
            "height": 210,
            "id": "e5e48e32-ff4a-4f45-b797-462a5e6e7c1b",
            "title": "Other Configuration",
            "type": "TextDisplay"
         },
         {
            "collapsed": false,
            "config": {
               "chartViewItems": [],
               "isUpdatedView": true,
               "refreshContent": {"refreshContent": false},
               "refreshInterval": 300,
               "resource": {
                  "id": "Ext.vcops.chrome.model.Resource-39",
                  "resourceId": "resource:id:0_::_",
                  "resourceKindId": "002006VMWAREvSphere World",
                  "resourceName": "vSphere World",
                  "traversalSpecId": "vSphere Hosts and Clusters-VMWARE-vSphere World"
               },
               "selectFirstRow": {"selectFirstRow": false},
               "selfProvider": {"selfProvider": true},
               "title": "All VMs with the key configurations",
               "traversalSpecId": null,
               "viewDefinitionId": "845f97bf-7d7c-49f5-81e7-ccedf4be7f7a"
            },
            "gridsterCoords": {
               "h": 5,
               "w": 12,
               "x": 1,
               "y": 37
            },
            "height": 268,
            "id": "aa544788-367b-4033-854b-b7d9daeb7a36",
            "states": [{
               "key": "perm_isDashboardTime_widget_7503f8a3-407f-45a2-b116-e636d25cb357_aa544788-367b-4033-854b-b7d9daeb7a36",
               "value": "b%3A0"
            }],
            "title": "All VMs with the key configurations",
            "type": "View"
         },
         {
            "collapsed": false,
            "config": {
               "editorData": "<br>",
               "locationFile": "",
               "locationUrl": "",
               "refreshContent": {"refreshContent": false},
               "refreshInterval": 300,
               "title": "Distribution of VM key configuration",
               "titleLocalized": "Distribution of VM key configuration",
               "viewModeHTML": true
            },
            "gridsterCoords": {
               "h": 3,
               "w": 12,
               "x": 1,
               "y": 17
            },
            "height": 153,
            "id": "7c2c5f94-d911-4a85-b20f-0fa463c066aa",
            "title": "Distribution of VM key configuration",
            "type": "TextDisplay"
         },
         {
            "collapsed": false,
            "config": {
               "chartViewItems": [],
               "isUpdatedView": true,
               "refreshContent": {"refreshContent": false},
               "refreshInterval": 300,
               "resource": null,
               "selectFirstRow": {"selectFirstRow": false},
               "selfProvider": {"selfProvider": false},
               "title": "CPU Hot Add",
               "traversalSpecId": "",
               "viewDefinitionId": "40b1d206-8616-47e2-9bee-6142b4427180"
            },
            "gridsterCoords": {
               "h": 4,
               "w": 4,
               "x": 1,
               "y": 29
            },
            "height": 210,
            "id": "856c6782-6068-4b5b-998e-fcba5f6645f8",
            "states": [{
               "key": "perm_isDashboardTime_widget_7503f8a3-407f-45a2-b116-e636d25cb357_856c6782-6068-4b5b-998e-fcba5f6645f8",
               "value": "b%3A0"
            }],
            "title": "CPU Hot Add",
            "type": "View",
            "x": 1,
            "y": 1
         },
         {
            "collapsed": false,
            "config": {
               "chartViewItems": ["labels"],
               "isUpdatedView": true,
               "refreshContent": {"refreshContent": false},
               "refreshInterval": 300,
               "resource": null,
               "selectFirstRow": {"selectFirstRow": false},
               "selfProvider": {"selfProvider": false},
               "title": "VM Snapshots",
               "traversalSpecId": "",
               "viewDefinitionId": "4d71034d-6368-4284-be94-94887f87eddc"
            },
            "gridsterCoords": {
               "h": 4,
               "w": 4,
               "x": 9,
               "y": 24
            },
            "height": 210,
            "id": "9a888c95-6668-4f16-a76d-ae63801940d3",
            "states": [{
               "key": "perm_isDashboardTime_widget_7503f8a3-407f-45a2-b116-e636d25cb357_9a888c95-6668-4f16-a76d-ae63801940d3",
               "value": "b%3A0"
            }],
            "title": "VM Snapshots",
            "type": "View",
            "x": 1,
            "y": 1
         },
         {
            "collapsed": false,
            "config": {
               "chartViewItems": [],
               "isUpdatedView": true,
               "refreshContent": {"refreshContent": false},
               "refreshInterval": 300,
               "resource": null,
               "selectFirstRow": {"selectFirstRow": false},
               "selfProvider": {"selfProvider": false},
               "title": "Secureboot Enabled",
               "traversalSpecId": "",
               "viewDefinitionId": "dd165cfa-c484-40cc-80f7-d81a3f7f289e"
            },
            "gridsterCoords": {
               "h": 4,
               "w": 2,
               "x": 11,
               "y": 33
            },
            "height": 210,
            "id": "c3cd047b-debb-4573-9836-6bf3fd9b7d24",
            "states": [
               {
                  "key": "perm_toolbarVisible_widget_7503f8a3-407f-45a2-b116-e636d25cb357_c3cd047b-debb-4573-9836-6bf3fd9b7d24",
                  "value": "b%3A0"
               },
               {
                  "key": "perm_isDashboardTime_widget_7503f8a3-407f-45a2-b116-e636d25cb357_c3cd047b-debb-4573-9836-6bf3fd9b7d24",
                  "value": "b%3A0"
               }
            ],
            "title": "Secureboot Enabled",
            "type": "View",
            "x": 1,
            "y": 1
         },
         {
            "collapsed": false,
            "config": {
               "chartViewItems": [],
               "isUpdatedView": true,
               "refreshContent": {"refreshContent": false},
               "refreshInterval": 300,
               "resource": null,
               "selectFirstRow": {"selectFirstRow": false},
               "selfProvider": {"selfProvider": false},
               "title": "VM with Memory Limit",
               "traversalSpecId": "",
               "viewDefinitionId": "6db204b2-0315-4488-8cbc-bbe33c74dac9"
            },
            "gridsterCoords": {
               "h": 4,
               "w": 2,
               "x": 3,
               "y": 8
            },
            "height": 210,
            "id": "b1238837-fb45-40cf-b06d-aec0279ed4a2",
            "states": [{
               "key": "perm_isDashboardTime_widget_7503f8a3-407f-45a2-b116-e636d25cb357_b1238837-fb45-40cf-b06d-aec0279ed4a2",
               "value": "b%3A0"
            }],
            "title": "VM with Memory Limit",
            "type": "View"
         },
         {
            "collapsed": false,
            "config": {
               "chartViewItems": [],
               "isUpdatedView": true,
               "refreshContent": {"refreshContent": false},
               "refreshInterval": 300,
               "resource": null,
               "selectFirstRow": {"selectFirstRow": false},
               "selfProvider": {"selfProvider": false},
               "title": "CPU Reservation",
               "traversalSpecId": "",
               "viewDefinitionId": "8d44e30e-9bb1-4df1-bf1f-8d2f44276af4"
            },
            "gridsterCoords": {
               "h": 4,
               "w": 2,
               "x": 9,
               "y": 8
            },
            "height": 210,
            "id": "7f153c3b-e871-41ac-8974-efe2bf20f91c",
            "states": [{
               "key": "perm_isDashboardTime_widget_7503f8a3-407f-45a2-b116-e636d25cb357_7f153c3b-e871-41ac-8974-efe2bf20f91c",
               "value": "b%3A0"
            }],
            "title": "CPU Reservation",
            "type": "View",
            "x": 1,
            "y": 1
         },
         {
            "collapsed": false,
            "config": {
               "chartViewItems": [],
               "isUpdatedView": true,
               "refreshContent": {"refreshContent": false},
               "refreshInterval": 300,
               "resource": null,
               "selectFirstRow": {"selectFirstRow": false},
               "selfProvider": {"selfProvider": false},
               "title": "CPU Shares",
               "traversalSpecId": "",
               "viewDefinitionId": "40c5bbc9-db9d-468c-8094-2137d22e53a7"
            },
            "gridsterCoords": {
               "h": 4,
               "w": 2,
               "x": 5,
               "y": 8
            },
            "height": 210,
            "id": "756ada15-9bc2-49c9-a4da-576f55b79bbc",
            "states": [{
               "key": "perm_isDashboardTime_widget_7503f8a3-407f-45a2-b116-e636d25cb357_756ada15-9bc2-49c9-a4da-576f55b79bbc",
               "value": "b%3A0"
            }],
            "title": "CPU Shares",
            "type": "View"
         },
         {
            "collapsed": false,
            "config": {
               "chartViewItems": [],
               "isUpdatedView": true,
               "refreshContent": {"refreshContent": false},
               "refreshInterval": 300,
               "resource": null,
               "selectFirstRow": {"selectFirstRow": false},
               "selfProvider": {"selfProvider": false},
               "title": "Memory Shares",
               "traversalSpecId": "",
               "viewDefinitionId": "23b3812d-fac8-449a-acb7-488a388a0716"
            },
            "gridsterCoords": {
               "h": 4,
               "w": 2,
               "x": 7,
               "y": 8
            },
            "height": 210,
            "id": "e51a9658-1e02-4765-994b-746e147c65fc",
            "states": [{
               "key": "perm_isDashboardTime_widget_7503f8a3-407f-45a2-b116-e636d25cb357_e51a9658-1e02-4765-994b-746e147c65fc",
               "value": "b%3A0"
            }],
            "title": "Memory Shares",
            "type": "View"
         },
         {
            "collapsed": false,
            "config": {
               "chartViewItems": [],
               "isUpdatedView": true,
               "refreshContent": {"refreshContent": false},
               "refreshInterval": 300,
               "resource": null,
               "selectFirstRow": {"selectFirstRow": false},
               "selfProvider": {"selfProvider": false},
               "title": "No Guest OS Memory Counters",
               "traversalSpecId": "",
               "viewDefinitionId": "97e71e70-094d-435d-b4f4-99da4e489ec2"
            },
            "gridsterCoords": {
               "h": 4,
               "w": 2,
               "x": 9,
               "y": 33
            },
            "height": 210,
            "id": "09553b0d-7459-4993-a57a-8ffd0ca1d634",
            "states": [{
               "key": "perm_isDashboardTime_widget_7503f8a3-407f-45a2-b116-e636d25cb357_09553b0d-7459-4993-a57a-8ffd0ca1d634",
               "value": "b%3A0"
            }],
            "title": "No Guest OS Memory Counters",
            "type": "View"
         },
         {
            "collapsed": false,
            "config": {
               "chartViewItems": [],
               "isUpdatedView": true,
               "refreshContent": {"refreshContent": false},
               "refreshInterval": 300,
               "resource": null,
               "selectFirstRow": {"selectFirstRow": false},
               "selfProvider": {"selfProvider": false},
               "title": "CPU Hot Remove",
               "traversalSpecId": "",
               "viewDefinitionId": "ea6cf8d9-087a-4882-b98b-9acd2d4021ed"
            },
            "gridsterCoords": {
               "h": 4,
               "w": 4,
               "x": 9,
               "y": 29
            },
            "height": 210,
            "id": "5c117765-1bf1-41cc-8082-f300dde8d467",
            "states": [{
               "key": "perm_isDashboardTime_widget_7503f8a3-407f-45a2-b116-e636d25cb357_5c117765-1bf1-41cc-8082-f300dde8d467",
               "value": "b%3A0"
            }],
            "title": "CPU Hot Remove",
            "type": "View",
            "x": 1,
            "y": 1
         },
         {
            "collapsed": false,
            "config": {
               "chartViewItems": [],
               "isUpdatedView": true,
               "refreshContent": {"refreshContent": false},
               "refreshInterval": 300,
               "resource": {
                  "id": "Ext.vcops.chrome.model.Resource-5",
                  "resourceId": "resource:id:0_::_",
                  "resourceKindId": "002006VMWAREvSphere World",
                  "resourceName": "vSphere World",
                  "traversalSpecId": "vSphere Hosts and Clusters-VMWARE-vSphere World"
               },
               "selectFirstRow": {"selectFirstRow": false},
               "selfProvider": {"selfProvider": true},
               "title": "Datacenters",
               "traversalSpecId": null,
               "viewDefinitionId": "3a88e1a7-511c-440d-868b-65df4a2c7898"
            },
            "gridsterCoords": {
               "h": 6,
               "w": 12,
               "x": 1,
               "y": 1
            },
            "height": 324,
            "id": "b73f3dcd-da3e-4808-ab2c-92cb12afb9c1",
            "states": [{
               "key": "perm_isDashboardTime_widget_7503f8a3-407f-45a2-b116-e636d25cb357_b73f3dcd-da3e-4808-ab2c-92cb12afb9c1",
               "value": "b%3A0"
            }],
            "title": "Datacenters",
            "type": "View"
         }
      ]
   }],
   "entries": {"resource": [{
      "adapterKindKey": "VMWARE",
      "identifiers": [],
      "internalId": "resource:id:0_::_",
      "name": "vSphere World",
      "resourceKindKey": "vSphere World"
   }]},
   "uuid": "e2b8a98b-73e9-41bd-82ea-731b7c5c0ac9"
}